video_id,category,duration,upload_date,views,likes,comments,channel_id,user_id,category_id
816,cooking,1136,6/3/2012,540229,15613,6718,240,1,6
244,learning,2822,10/14/2011,464766,55114,9628,8,2,7
143,cooking,2480,8/26/2013,483849,46829,5731,939,3,7
247,cooking,700,7/24/2015,260977,19641,3943,808,4,2
833,art,440,12/29/2011,987146,28040,9912,479,5,5
972,fashion,3552,4/10/2010,957591,48750,3891,30,6,6
632,adverts,926,1/29/2017,597108,32744,1892,297,7,3
76,humor,3139,7/23/2010,518124,55402,7955,807,8,7
938,adverts,2159,5/17/2017,121376,2396,7898,568,9,3
430,fashion,2667,10/8/2019,211694,2549,5072,22,10,7
681,adverts,1617,10/31/2015,513044,31632,6773,169,11,2
456,adverts,2835,6/4/2015,823550,98592,735,963,12,5
354,fashion,2093,7/5/2020,579980,23272,6267,6,13,2
770,learning,2542,5/30/2017,904730,8600,2173,193,14,5
619,fashion,294,7/22/2014,988355,49839,2979,861,15,5
648,art,537,10/4/2014,180565,40681,2615,926,16,2
502,dancing,2505,4/17/2010,966987,23676,4232,642,17,4
629,dancing,1320,12/29/2017,642587,34195,7515,548,18,4
672,art,3296,11/13/2012,482340,24706,5337,179,19,7
15,cooking,3548,4/22/2016,820403,89102,8818,939,20,4
297,fashion,1425,10/13/2022,217822,70238,7091,54,21,7
423,fashion,3222,8/26/2021,859171,2998,1162,494,22,2
964,dancing,2279,9/2/2014,650944,78336,3594,906,23,3
634,learning,609,7/13/2021,642233,18654,3107,824,24,3
859,dancing,3386,6/11/2020,471857,71842,6528,593,25,6
796,learning,2272,1/3/2013,983971,10802,3515,295,26,5
99,dancing,3172,12/18/2011,657137,57863,9723,843,27,5
127,cooking,930,9/9/2014,915113,84556,6242,931,28,2
356,fashion,3171,2/14/2015,647069,11801,1059,773,29,3
189,learning,464,9/1/2013,627006,75086,2756,747,30,5
391,fashion,231,5/28/2010,441789,41421,8019,970,31,4
256,art,2056,4/3/2010,795132,26836,4918,437,32,1
801,humor,2357,6/5/2019,799424,27047,5550,572,33,6
25,learning,3282,6/19/2014,647118,19806,4525,603,34,6
843,learning,3240,12/8/2016,330833,85636,9228,368,35,4
143,learning,254,3/30/2011,77528,67608,7162,57,36,3
603,humor,182,6/17/2013,709364,79000,7695,822,37,4
503,dancing,1707,2/13/2021,704830,68091,5452,564,38,5
875,dancing,1818,12/26/2014,581771,19410,8254,422,39,4
786,learning,199,10/25/2011,198145,86936,1250,327,40,5
970,learning,858,10/12/2021,15013,5346,6739,148,41,4
73,humor,738,5/15/2010,795556,9958,4413,499,42,2
108,art,1173,9/5/2018,364083,13320,6502,85,43,4
608,learning,2304,12/3/2021,844069,3595,2600,814,44,2
799,learning,2214,10/19/2019,265309,68533,178,509,45,5
94,fashion,3127,3/19/2019,787769,11981,5562,739,46,2
931,learning,3076,12/26/2022,665856,6289,222,248,47,5
516,cooking,430,3/7/2013,631671,16171,8910,235,48,7
475,dancing,3571,1/30/2022,231269,19251,2249,114,49,6
385,cooking,537,2/11/2019,550554,34244,4564,42,50,3
428,learning,2788,4/17/2014,574446,87581,862,255,51,3
238,humor,1028,12/21/2022,334888,52330,2196,928,52,5
363,art,1199,1/25/2018,568360,94702,9330,650,53,4
193,humor,1071,11/24/2021,752511,63507,3567,56,54,4
932,adverts,2144,7/17/2016,603855,43474,8130,289,55,5
900,fashion,320,6/29/2014,677282,30206,9837,987,56,5
105,learning,1937,12/4/2012,222596,10061,6151,629,57,2
107,art,1432,7/21/2018,924403,93671,5913,702,58,4
429,art,2519,5/15/2014,79989,70827,4208,807,59,1
381,humor,2282,12/26/2014,521650,9476,8798,317,60,7
440,dancing,1709,4/10/2020,677339,97405,8624,99,61,4
558,humor,1739,5/22/2017,468271,96935,7600,654,62,5
750,humor,2464,3/24/2012,248276,78372,3152,303,63,6
225,learning,338,10/17/2016,891823,97069,8855,910,64,1
399,fashion,2555,8/15/2021,940259,94795,8480,1000,65,4
788,adverts,2967,6/30/2010,681682,37721,9523,555,66,5
485,humor,2827,5/29/2015,212582,91394,1221,130,67,3
284,art,2892,7/15/2015,411800,59385,994,675,68,3
910,learning,474,12/5/2012,71139,58102,8774,264,69,7
586,fashion,3556,12/15/2017,228988,95463,6696,98,70,1
98,art,2210,4/18/2020,59948,27856,9158,317,71,2
150,art,3458,3/1/2014,857985,52392,144,788,72,4
116,dancing,2087,9/10/2011,212568,47210,5669,709,73,3
340,cooking,1800,3/29/2021,534968,19497,4485,841,74,3
947,cooking,2717,2/18/2011,438664,90958,9989,918,75,1
500,cooking,1678,9/20/2019,649318,64132,1082,63,76,5
528,learning,2713,8/17/2014,115236,39473,7739,588,77,4
772,fashion,1537,1/13/2013,154678,26457,3370,870,78,4
41,dancing,2417,4/21/2013,960441,44388,4893,326,79,7
739,humor,1212,3/30/2013,826779,5406,7099,270,80,5
380,learning,2622,5/17/2014,227828,37109,856,45,81,4
16,humor,1418,11/3/2016,840216,43629,7602,994,82,2
662,fashion,2883,9/7/2015,676629,2031,3142,525,83,3
668,humor,3100,6/14/2019,381742,99555,3585,995,84,6
973,learning,1126,4/30/2020,788365,54511,8625,551,85,6
336,humor,922,10/5/2010,191124,97819,6691,809,86,7
608,cooking,2600,12/21/2019,822374,62740,6922,455,87,5
508,humor,2547,11/13/2019,910626,93378,1596,246,88,2
298,cooking,543,10/20/2018,895390,82208,5863,106,89,5
991,cooking,826,6/16/2022,785597,8095,9068,208,90,4
828,adverts,771,3/9/2022,256485,84098,411,78,91,7
329,humor,2828,3/29/2018,858970,25388,8903,762,92,6
224,fashion,3524,1/1/2014,385100,6144,4624,266,93,1
654,humor,12,8/14/2016,554055,34644,811,832,94,6
788,adverts,2802,9/1/2011,998132,12019,9631,715,95,1
49,humor,2790,6/26/2016,450996,3772,1735,383,96,4
51,fashion,1840,6/13/2019,398029,28175,2475,716,97,1
978,learning,1163,8/20/2021,144647,58273,8110,794,98,3
686,learning,1094,3/27/2022,934908,90097,6696,123,99,2
68,adverts,2426,6/23/2015,635490,14158,5406,34,100,2
225,fashion,2718,2/13/2021,208811,21528,2276,882,101,2
727,adverts,152,4/4/2019,79604,1766,2106,133,102,4
498,fashion,3410,4/28/2020,185129,99475,622,63,103,7
731,art,2338,1/4/2014,969999,35564,7984,648,104,6
521,humor,1748,1/20/2014,934890,8898,1013,597,105,3
117,dancing,2080,7/1/2014,257373,64330,4949,55,106,5
491,learning,1764,4/28/2019,878201,19947,7832,869,107,5
936,dancing,1805,2/13/2021,376814,56910,5620,895,108,4
171,dancing,1244,1/31/2010,470388,1872,3492,669,109,6
422,adverts,1504,8/11/2015,169198,15589,8244,643,110,1
500,humor,647,9/18/2022,166791,21824,8429,476,111,4
156,dancing,260,2/23/2014,548080,42307,8175,740,112,3
615,dancing,1518,5/18/2010,411900,76973,7403,174,113,3
536,fashion,1363,7/25/2021,565682,22563,8499,847,114,4
254,dancing,926,1/15/2010,72892,998,9086,750,115,1
357,humor,97,11/14/2015,426197,70803,9800,290,116,4
653,humor,592,9/2/2010,872717,91888,1021,485,117,1
602,fashion,1873,1/11/2017,467367,21233,1363,290,118,1
332,adverts,1092,2/3/2015,424546,48649,4804,216,119,6
971,learning,2421,4/7/2017,789961,75346,9048,803,120,1
913,fashion,2092,9/28/2011,909009,96636,8516,274,121,4
820,adverts,3334,12/9/2015,447971,17203,411,728,122,4
707,learning,1822,10/10/2021,796486,91942,6874,358,123,5
84,dancing,2343,7/9/2010,669842,52421,2432,572,124,4
910,adverts,2758,5/11/2019,714282,44460,8131,689,125,4
659,humor,3400,2/14/2016,885328,8578,733,347,126,4
440,fashion,505,10/27/2011,210323,99142,546,686,127,1
139,fashion,2397,8/1/2018,444223,50668,5900,191,128,6
764,humor,2730,11/10/2021,201778,84834,3788,218,129,3
309,art,2895,12/2/2015,144058,32781,7303,177,130,7
14,fashion,1687,8/28/2010,485180,68068,9080,316,131,3
12,adverts,613,2/17/2013,806873,49926,9589,297,132,2
538,adverts,560,4/5/2022,131805,50507,3007,183,133,4
918,humor,2707,1/25/2020,999027,34903,5769,676,134,7
448,humor,3203,12/6/2022,186429,99753,5032,1,135,7
695,art,2152,3/1/2022,916721,98684,5999,864,136,4
773,cooking,2613,1/26/2022,459239,42418,7766,902,137,1
170,dancing,2828,3/17/2021,437610,687,8148,481,138,3
493,adverts,3088,12/7/2012,387365,41110,1362,853,139,3
717,cooking,397,5/9/2012,92170,99609,8635,496,140,7
893,dancing,1665,6/28/2013,702781,54889,9186,948,141,2
354,humor,3481,9/6/2021,610234,16196,3209,731,142,7
957,cooking,3031,8/23/2018,659155,66851,2018,364,143,3
191,humor,2567,2/18/2014,192652,22764,8290,212,144,3
639,learning,2966,12/7/2021,457196,79549,168,512,145,6
656,cooking,64,8/10/2019,615201,864,4507,902,146,6
215,humor,2405,5/17/2015,311745,37134,7536,626,147,7
212,art,472,3/15/2013,432637,43089,146,677,148,1
776,cooking,3089,10/29/2019,843872,78210,4848,691,149,3
111,adverts,2818,2/13/2017,517762,46002,4014,718,150,4
575,cooking,2729,8/18/2012,123262,21509,7147,757,151,5
753,humor,1889,7/28/2013,465979,48101,6902,5,152,4
663,dancing,430,3/13/2012,62594,55469,8787,769,153,5
417,learning,2907,6/6/2017,289674,33634,2344,768,154,1
98,art,2714,5/27/2017,91796,3773,8919,822,155,1
604,humor,180,8/6/2016,748336,29388,2290,361,156,3
826,cooking,2939,3/16/2022,148804,59495,1557,59,157,6
200,dancing,1226,5/21/2018,377059,65453,8591,544,158,1
455,humor,2126,7/25/2020,573533,88419,5742,342,159,5
348,learning,1168,4/28/2021,387495,34914,4645,813,160,5
283,fashion,3523,4/27/2018,728622,71748,37,218,161,4
15,learning,1777,4/2/2012,824108,93986,1460,368,162,4
921,fashion,1477,4/1/2013,678778,86435,4993,981,163,7
780,art,2260,10/30/2015,742318,77680,4813,445,164,5
189,fashion,3419,1/13/2018,378975,3272,6879,55,165,3
286,learning,2325,5/29/2017,86567,72753,6178,902,166,1
948,learning,2344,11/5/2020,786865,6581,1802,325,167,6
748,adverts,3421,11/8/2010,802529,8875,571,768,168,3
617,learning,3085,11/26/2012,728485,78653,6101,732,169,4
95,fashion,472,6/5/2020,254783,61983,2841,93,170,4
562,humor,2105,2/20/2017,279097,14314,9698,585,171,7
322,learning,3166,4/25/2013,895876,86093,2678,886,172,5
232,humor,3152,7/11/2020,326002,59065,5532,323,173,5
501,adverts,2778,2/4/2020,782115,18376,1859,989,174,7
726,learning,227,6/23/2013,925156,12282,6803,156,175,2
245,fashion,2464,5/15/2021,9139,58988,4181,615,176,3
841,art,368,9/5/2014,693940,90192,7136,149,177,4
457,dancing,66,2/18/2013,195720,21791,1526,82,178,4
332,dancing,103,3/27/2010,482342,81752,8631,648,179,4
796,humor,3072,8/27/2012,501299,30709,7689,285,180,4
628,art,2743,2/15/2010,979627,79126,457,777,181,1
720,humor,2064,12/10/2020,151664,47196,2660,849,182,1
629,cooking,1976,6/10/2019,826665,58763,500,232,183,1
176,cooking,915,11/4/2022,908678,52981,7823,442,184,7
246,fashion,1327,2/14/2020,186844,75214,8135,909,185,5
285,learning,3294,7/3/2012,46837,49407,9909,308,186,5
267,dancing,1921,1/23/2022,664113,46562,8521,558,187,3
438,cooking,1526,11/2/2015,506678,70890,1344,406,188,7
114,adverts,237,8/15/2016,859185,83674,8999,548,189,7
29,adverts,323,12/4/2018,571588,48942,1115,4,190,1
794,dancing,951,9/24/2012,201363,93608,1921,958,191,3
551,cooking,3315,1/31/2019,66057,5718,6164,376,192,3
274,art,2189,7/10/2011,486976,17045,2840,237,193,2
967,cooking,2323,10/22/2017,266744,64163,5252,421,194,6
636,cooking,2384,10/10/2011,333357,72136,3148,920,195,4
928,cooking,1295,5/30/2012,628274,33163,5421,527,196,3
931,adverts,257,1/21/2014,641508,68353,9092,645,197,4
256,dancing,1531,6/8/2018,795039,6704,7243,716,198,1
205,fashion,3094,10/19/2022,256144,32692,9950,623,199,6
45,adverts,2213,1/8/2015,969443,59739,8476,785,200,4
584,cooking,308,5/16/2021,242784,25491,1465,271,201,4
226,adverts,1318,4/20/2019,561023,27044,8854,111,202,1
702,cooking,2580,4/9/2017,824098,83703,2538,788,203,1
540,learning,3394,6/26/2022,199413,14454,5059,978,204,1
272,adverts,351,6/7/2016,693688,12405,5835,904,205,1
602,art,180,10/4/2021,701640,35933,6377,940,206,2
80,humor,3277,8/14/2013,540002,97126,2709,794,207,7
975,humor,2339,9/13/2015,931714,44856,9228,935,208,7
836,learning,1257,7/26/2012,960296,76398,4625,949,209,2
507,cooking,1931,3/9/2020,4806,4432,762,217,210,6
387,adverts,2072,11/27/2022,417537,68441,3235,822,211,1
65,learning,3090,4/19/2014,556693,15195,2062,79,212,7
165,dancing,1912,9/14/2012,685264,95007,7969,72,213,3
123,learning,3291,4/21/2022,763760,664,221,155,214,4
847,humor,494,10/26/2015,569428,91335,5659,149,215,3
225,learning,2400,8/26/2012,957893,40638,2863,650,216,2
761,adverts,84,1/8/2014,125289,18178,468,68,217,4
240,cooking,2714,7/29/2019,544339,89855,4820,323,218,2
779,dancing,3000,4/1/2010,729308,89511,6019,149,219,7
296,adverts,308,5/1/2016,343484,32288,4376,912,220,1
616,fashion,811,6/27/2016,213083,13186,1523,505,221,6
461,art,3439,1/5/2020,297849,12406,1209,564,222,7
602,learning,2230,12/30/2018,550786,47321,3945,455,223,1
198,adverts,777,4/5/2020,732179,63663,8690,640,224,4
583,learning,2226,2/24/2014,100184,66851,7637,938,225,2
369,art,765,10/13/2011,378923,56401,712,303,226,1
104,humor,139,4/24/2012,235617,41126,6485,818,227,6
23,learning,2216,4/13/2017,781163,53414,2691,315,228,3
171,humor,1781,4/5/2013,428418,46530,5952,694,229,3
405,humor,3245,4/17/2022,115828,46191,3912,379,230,1
739,cooking,1270,3/4/2019,149940,38107,4523,681,231,4
232,learning,2055,10/25/2018,725905,71301,8829,305,232,4
528,dancing,1245,8/17/2016,370774,65786,546,217,233,2
164,humor,878,6/17/2019,488767,33418,7134,113,234,7
636,dancing,197,4/11/2012,325236,38622,2829,104,235,5
198,humor,1523,8/8/2020,283865,28040,7716,673,236,1
518,adverts,396,2/27/2014,348204,32831,4632,59,237,5
898,adverts,3336,7/26/2022,870714,13436,7533,144,238,2
506,fashion,2397,2/17/2018,903169,63124,8857,222,239,4
144,adverts,2076,4/21/2011,207232,73456,2468,114,240,1
163,adverts,387,2/21/2010,796286,29509,4670,485,241,5
688,art,2361,6/5/2016,921288,87285,5937,212,242,4
486,fashion,2766,4/23/2010,907312,98444,3250,144,243,5
673,cooking,3041,1/18/2010,580945,33961,2521,207,244,1
441,dancing,1767,6/6/2015,205777,63438,6438,2,245,3
700,fashion,1362,8/11/2018,425480,23830,9824,315,246,2
15,dancing,2041,5/13/2015,908351,22904,3731,259,247,6
960,learning,2607,4/9/2020,835011,86594,8726,432,248,2
221,humor,2319,3/1/2022,133649,62312,9316,157,249,7
832,art,29,3/19/2019,273499,32056,9029,307,250,2
828,art,996,10/5/2013,585748,10255,2344,124,251,4
820,dancing,21,5/14/2015,100681,69244,2957,451,252,7
911,fashion,408,11/2/2011,413339,6263,9137,763,253,7
966,art,697,6/23/2017,560443,53648,8962,499,254,2
731,humor,469,3/12/2022,890445,18077,2925,320,255,1
879,art,3583,1/23/2012,568047,552,8050,345,256,2
413,cooking,809,2/13/2016,644,53278,9916,1000,257,1
274,cooking,1430,8/10/2013,819886,10056,9345,539,258,3
788,cooking,850,7/28/2010,649472,31868,283,896,259,7
536,art,1791,7/13/2019,304581,15116,1295,83,260,6
391,learning,1593,6/17/2012,454895,90265,6578,16,261,7
643,art,3587,4/9/2022,349290,91541,1041,784,262,7
479,humor,456,11/10/2021,959426,74378,9932,684,263,6
113,dancing,228,10/16/2020,248494,37180,888,503,264,4
979,art,1058,12/23/2017,561860,50352,4944,165,265,4
690,dancing,1989,8/21/2010,982696,96126,1110,367,266,7
949,cooking,1182,12/7/2018,647029,28926,7080,572,267,2
473,dancing,621,2/3/2018,303535,77256,7326,473,268,7
677,learning,54,1/15/2014,176248,13199,3398,257,269,7
532,art,875,12/15/2019,776746,62627,5022,235,270,6
186,dancing,2595,3/4/2020,756760,98626,3040,396,271,7
162,learning,3115,11/2/2019,115787,45620,6356,230,272,7
141,humor,1868,9/15/2015,705730,32338,4799,890,273,3
425,art,1249,12/24/2018,405754,99756,7673,433,274,2
934,fashion,3413,3/29/2010,810706,48979,4317,398,275,3
216,art,1362,9/19/2013,199041,86699,8660,968,276,7
628,humor,236,9/29/2015,940796,64517,6913,152,277,4
363,art,279,4/19/2022,761468,92215,7505,886,278,7
563,fashion,2724,6/12/2015,926158,30796,7806,831,279,5
240,fashion,428,9/11/2017,330074,57726,1318,726,280,1
668,dancing,625,7/24/2016,63210,58248,7418,651,281,3
988,adverts,3085,1/12/2014,77540,48545,6639,431,282,1
906,fashion,906,11/25/2020,882605,12566,3812,448,283,2
429,adverts,1346,12/17/2011,685910,43506,3629,717,284,3
258,dancing,3290,6/10/2010,449557,73953,689,937,285,4
818,humor,784,2/17/2019,847073,30647,8046,877,286,2
256,humor,1979,5/10/2018,243214,66160,1814,686,287,1
999,adverts,1620,8/12/2010,177050,5248,4837,313,288,2
903,learning,1143,5/14/2022,551497,16439,5252,751,289,6
961,fashion,507,10/2/2014,831633,95986,5868,523,290,1
485,adverts,28,3/24/2017,920163,24214,4332,819,291,2
739,learning,816,1/7/2011,408812,89680,1855,273,292,4
116,art,3184,8/6/2013,124445,48331,8707,576,293,3
259,art,64,8/3/2012,508310,23183,4388,482,294,3
339,dancing,619,8/14/2020,97939,21020,5335,605,295,1
968,cooking,1622,11/8/2013,687261,95084,9261,775,296,7
66,adverts,1538,10/22/2012,425841,7370,5569,737,297,1
425,learning,524,8/10/2022,680056,35371,8499,633,298,5
126,learning,2096,8/31/2011,200672,56384,4712,609,299,6
369,art,351,5/4/2021,571288,29413,43,781,300,3
466,dancing,511,9/3/2012,116266,16086,8587,321,301,4
469,learning,3020,4/26/2012,938517,57145,3989,616,302,4
366,cooking,2196,1/10/2019,121017,44659,5102,30,303,5
24,fashion,3394,3/8/2011,678912,2293,7386,787,304,4
908,cooking,2099,8/22/2022,944120,94183,4849,937,305,1
170,fashion,205,7/19/2019,208379,57586,6255,594,306,3
968,cooking,88,10/17/2020,972381,85064,8234,119,307,7
451,adverts,355,11/30/2021,664882,15974,1093,829,308,6
952,fashion,2299,8/24/2016,893027,25960,2468,300,309,5
200,adverts,3108,1/1/2022,371951,98522,5101,936,310,5
858,dancing,649,8/7/2015,384811,27091,7806,310,311,4
222,fashion,1431,12/15/2013,42146,10234,9336,15,312,3
552,humor,102,12/1/2012,87486,75653,9115,687,313,2
280,cooking,289,3/30/2022,873461,11844,3269,366,314,6
568,adverts,8,8/10/2012,564404,38796,6441,401,315,7
947,dancing,452,7/27/2013,780611,28195,7009,971,316,3
643,fashion,722,9/1/2013,20554,71164,1062,667,317,3
963,art,750,8/21/2012,259896,40197,3416,296,318,1
41,art,2963,2/28/2018,465692,65945,9395,122,319,5
724,adverts,3057,11/1/2019,110649,23365,9912,763,320,2
714,dancing,215,9/25/2014,215307,23928,7552,802,321,7
929,art,2433,11/7/2016,609914,68308,8182,864,322,6
387,fashion,3236,6/27/2015,480216,46062,9468,368,323,1
804,cooking,356,9/23/2011,248422,38809,2051,419,324,2
118,cooking,3349,5/4/2018,72551,42673,4464,958,325,3
230,art,1138,1/6/2017,575697,167,1638,991,326,5
129,humor,19,3/28/2010,342581,63094,9105,537,327,6
81,dancing,731,6/8/2016,521170,88369,5711,568,328,6
910,cooking,1201,12/26/2010,25018,25169,4011,604,329,7
289,art,420,8/15/2018,551507,49159,3806,551,330,3
409,learning,2517,5/19/2018,828485,11694,6591,47,331,3
353,humor,1276,3/6/2017,875466,40583,2156,983,332,5
275,dancing,3530,5/21/2012,830620,60389,2450,439,333,6
348,dancing,2663,2/22/2010,507092,9037,6639,395,334,5
67,dancing,567,11/21/2014,161449,87308,9267,309,335,4
636,dancing,2316,7/28/2016,542108,82426,5383,409,336,1
763,art,3163,11/26/2022,11799,51611,9610,100,337,7
603,humor,2278,10/25/2018,894082,1911,9457,370,338,6
8,art,2849,2/24/2016,713714,17085,5197,660,339,2
615,dancing,1113,2/20/2017,863341,29359,3136,55,340,2
718,learning,1287,9/28/2013,896975,7096,6468,915,341,6
198,learning,3030,7/31/2022,365467,37005,1156,115,342,5
977,adverts,2357,8/27/2016,760520,42836,6457,664,343,6
789,cooking,838,4/22/2013,79490,95694,9292,656,344,7
304,fashion,2268,5/5/2013,842180,17125,8730,887,345,6
742,learning,569,8/30/2022,448509,29611,1991,705,346,4
832,learning,2508,5/19/2016,444681,62854,7912,205,347,1
944,humor,3425,1/29/2016,555946,75676,2183,951,348,3
422,dancing,3430,7/24/2020,88982,69535,3544,24,349,4
489,fashion,3481,2/7/2011,825536,28500,4378,572,350,6
752,learning,1598,5/9/2016,721183,99701,352,717,351,2
575,humor,2078,6/10/2021,531096,68483,2551,3,352,5
844,fashion,964,4/16/2013,601553,81136,4966,126,353,7
860,dancing,3160,3/16/2010,78584,80199,3206,623,354,4
249,art,1976,4/2/2019,533285,79239,9854,1000,355,6
986,fashion,1498,12/10/2015,830000,44926,9829,371,356,7
652,humor,3286,3/23/2020,515014,41032,5859,533,357,1
755,art,1870,6/3/2017,829295,11175,9627,794,358,5
144,adverts,2198,6/16/2015,84003,83317,3729,886,359,4
426,adverts,3131,2/6/2017,939000,83226,7111,790,360,3
374,fashion,2482,3/31/2021,328265,51385,551,542,361,6
63,fashion,1787,7/27/2022,180080,12233,9238,336,362,5
622,adverts,908,2/16/2022,262688,28678,3279,116,363,7
685,cooking,3219,3/8/2020,239741,11302,5334,551,364,5
319,fashion,3574,6/4/2019,186821,47416,4184,594,365,5
22,learning,2377,8/20/2022,218965,89688,8765,334,366,2
454,art,2785,10/22/2011,308263,49460,3826,159,367,5
690,humor,2604,2/8/2013,909386,72205,2299,280,368,5
493,dancing,2639,8/21/2014,464925,81477,4816,388,369,3
213,dancing,1206,4/9/2022,92824,66488,2665,72,370,3
764,humor,771,9/30/2015,462455,26090,4803,554,371,7
132,adverts,152,1/17/2013,278271,61110,9322,660,372,1
352,dancing,228,11/23/2017,382340,34008,238,102,373,1
762,humor,1439,11/13/2020,773004,55195,9316,438,374,4
194,fashion,2370,10/4/2016,791299,49448,6044,473,375,4
140,art,3288,11/25/2022,853498,63796,1850,571,376,5
543,adverts,3070,2/24/2021,565301,79868,1794,857,377,4
465,fashion,1321,7/16/2019,927300,77741,6690,527,378,2
357,dancing,3306,6/15/2018,435510,16915,71,423,379,3
818,cooking,3487,3/2/2013,669484,10868,1617,565,380,7
250,fashion,1111,11/2/2010,916664,63386,6024,597,381,3
431,learning,2123,1/11/2019,782454,792,3264,812,382,1
942,cooking,2935,3/7/2016,310101,11894,9834,133,383,1
447,cooking,1722,8/11/2016,946850,74788,8003,751,384,4
326,dancing,2903,4/11/2019,720254,79645,3166,46,385,1
674,humor,2922,5/14/2015,146363,96607,4239,253,386,7
873,art,1863,7/25/2013,571571,12437,4660,661,387,7
738,art,777,2/28/2016,750931,8750,41,638,388,6
589,learning,510,4/27/2021,92987,43280,3105,303,389,6
547,fashion,2172,10/22/2014,440295,65795,1668,748,390,6
91,art,202,7/15/2015,690814,78329,9445,306,391,1
315,art,3209,7/25/2018,529772,77604,1262,684,392,7
385,art,1069,8/23/2011,267574,43278,5901,407,393,1
236,adverts,1423,8/17/2022,89189,64681,4249,948,394,7
13,humor,965,2/14/2010,885419,64736,6795,251,395,7
220,adverts,796,12/16/2021,372876,60379,415,490,396,5
204,fashion,227,11/13/2017,206597,69057,4747,250,397,7
33,fashion,2354,6/28/2016,937440,59888,4380,460,398,6
331,art,1203,9/30/2012,425392,61860,4913,517,399,4
205,learning,1432,7/1/2022,540618,59401,2082,425,400,1
464,humor,526,11/20/2014,98329,31705,5122,48,401,2
358,dancing,899,9/9/2014,139076,16929,5611,116,402,1
581,humor,1690,12/12/2022,457698,92781,7491,453,403,1
962,cooking,2215,11/18/2020,607427,53247,3157,902,404,4
604,art,1695,1/26/2012,752898,30259,1695,421,405,7
196,learning,1568,1/30/2016,955618,4104,683,888,406,5
502,adverts,2435,3/30/2011,793842,66174,4130,420,407,6
338,cooking,887,4/16/2017,247750,68908,2131,647,408,4
597,humor,3332,11/1/2010,206925,74833,523,957,409,4
603,humor,943,2/13/2012,659403,80586,207,287,410,5
292,fashion,2665,2/12/2022,108621,25315,1497,950,411,1
425,learning,3511,11/17/2010,446240,36448,5863,120,412,4
648,dancing,2937,1/3/2010,187951,77764,3030,752,413,7
833,humor,2867,5/30/2011,30609,94163,8054,760,414,2
172,fashion,658,3/29/2018,811525,17855,1376,270,415,3
479,cooking,2087,4/19/2010,804553,58660,9326,400,416,4
910,humor,854,6/16/2021,534581,12050,2774,595,417,6
129,cooking,65,11/8/2017,72591,63107,8094,318,418,6
406,learning,962,7/6/2020,532394,24975,8140,353,419,2
484,humor,2200,1/7/2021,451087,61828,9996,22,420,1
376,adverts,1118,1/27/2020,826104,36672,5405,692,421,1
272,cooking,226,11/14/2016,851837,77112,5736,665,422,1
401,cooking,141,5/8/2019,21206,18830,6808,365,423,2
175,cooking,3528,7/10/2012,908589,16555,2925,472,424,5
647,art,3429,5/17/2020,141252,38196,5001,447,425,2
466,humor,1432,6/15/2022,780329,61690,3521,490,426,3
922,fashion,3011,10/13/2017,806354,28790,3640,134,427,1
581,art,2937,1/12/2020,70554,33273,4651,637,428,2
511,art,3516,12/5/2016,858219,20117,2183,864,429,5
7,humor,2276,8/9/2018,99918,90654,121,878,430,7
333,art,506,10/6/2017,805992,11311,1690,589,431,5
548,learning,65,12/25/2021,122073,34228,8175,248,432,7
728,fashion,2114,11/14/2019,979255,94272,8976,995,433,7
258,learning,194,11/6/2018,897067,37990,6860,82,434,5
971,cooking,982,9/28/2016,494391,38202,7809,447,435,5
898,dancing,3107,4/13/2021,939388,37159,2513,51,436,6
743,art,5,9/21/2017,229300,95445,6712,983,437,7
673,cooking,3262,8/30/2010,651517,52186,5828,959,438,1
434,cooking,1282,10/20/2014,56586,58292,823,143,439,5
913,fashion,1517,11/30/2015,193386,49212,7249,165,440,1
75,adverts,3134,10/12/2015,386013,81572,9037,713,441,3
109,dancing,1708,4/22/2013,174210,22569,9830,614,442,7
423,learning,63,5/4/2010,438117,52998,7447,363,443,6
972,fashion,368,6/29/2016,991864,96998,7169,211,444,3
584,art,250,2/11/2020,331458,17019,8171,97,445,3
603,adverts,443,10/17/2015,986556,69259,7653,246,446,5
192,art,1555,2/21/2013,675489,83457,8311,256,447,6
199,learning,2436,9/6/2019,902020,36017,1310,700,448,5
376,humor,1021,11/22/2012,294495,85077,4900,916,449,5
937,learning,2445,6/30/2016,274117,4620,3671,57,450,4
195,fashion,232,9/12/2013,575568,66553,603,121,451,4
37,art,1764,3/27/2013,3574,11319,7462,405,452,1
427,dancing,2766,3/21/2015,814281,25849,5713,911,453,3
710,art,1329,12/24/2011,490922,42765,1402,668,454,2
347,art,2901,1/23/2012,473965,63796,7034,949,455,5
686,learning,2477,4/15/2015,137047,99758,857,319,456,7
883,humor,1477,9/18/2020,759333,31200,1326,354,457,7
574,dancing,2583,11/30/2016,46759,46345,7196,523,458,4
3,humor,1509,7/14/2021,765820,27987,4010,54,459,1
318,fashion,3082,11/12/2016,130523,83990,3569,519,460,3
926,humor,2145,8/4/2013,836620,95756,8547,428,461,4
135,dancing,725,1/30/2010,811087,67273,4130,73,462,5
568,cooking,3564,4/23/2022,433495,63491,5558,571,463,3
711,cooking,1184,12/26/2020,70076,33510,9679,594,464,4
76,dancing,2716,7/3/2022,189319,46642,6999,87,465,2
132,fashion,411,7/21/2010,647516,75747,5685,803,466,1
882,adverts,2718,12/3/2015,73243,5650,5212,619,467,6
987,humor,2475,9/12/2013,946254,83346,5264,963,468,3
781,art,2272,9/30/2015,792470,737,2279,154,469,3
758,art,3265,6/26/2013,755452,9190,7011,549,470,3
154,learning,1335,5/17/2013,521373,88885,1919,310,471,3
750,adverts,478,11/29/2021,316777,95898,6930,907,472,2
72,cooking,2663,2/26/2012,843135,16418,304,812,473,6
864,art,249,1/20/2010,857957,19472,524,40,474,4
282,learning,3341,9/2/2010,920466,99867,4366,599,475,6
24,art,877,7/29/2017,472351,24869,8594,501,476,7
886,learning,181,12/8/2010,908415,41836,529,739,477,2
766,adverts,2920,3/16/2014,899920,54844,8543,36,478,1
500,cooking,1176,3/15/2013,650514,66905,6381,107,479,3
880,fashion,2906,11/6/2014,711284,9487,2989,812,480,5
465,learning,3125,8/4/2022,976276,59042,7158,734,481,6
855,adverts,2516,7/15/2022,252673,58028,3367,797,482,6
621,art,3167,10/7/2015,507573,14659,6345,900,483,1
484,learning,3070,7/12/2010,462399,71776,810,53,484,4
831,dancing,640,4/24/2018,864779,91829,9952,775,485,4
233,cooking,456,5/7/2014,777451,23781,7214,963,486,2
402,dancing,1947,2/3/2017,982977,20011,8650,785,487,7
86,fashion,1619,3/24/2013,64022,58170,8440,243,488,2
896,learning,1227,4/16/2014,868819,73163,7202,62,489,7
704,fashion,2903,11/22/2013,571050,34609,2057,748,490,3
890,fashion,2343,2/26/2010,717980,33318,4073,609,491,4
898,fashion,1476,8/11/2022,651371,58772,9988,958,492,3
236,adverts,965,11/5/2022,997994,8032,5690,117,493,4
553,art,719,8/10/2014,722465,76726,9225,872,494,6
207,adverts,3566,7/25/2012,612685,23724,3991,895,495,7
191,cooking,2935,6/19/2021,701169,54774,4582,483,496,7
621,dancing,641,10/22/2022,837048,43477,6432,100,497,3
845,cooking,655,4/1/2012,308438,6457,3587,422,498,2
958,learning,559,11/6/2015,946286,77496,9966,83,499,3
763,art,3120,12/27/2010,735505,68735,3756,598,500,7
608,learning,110,2/21/2022,167455,85,9973,413,501,5
459,learning,538,3/5/2020,775863,99353,9636,47,502,7
92,dancing,1416,4/1/2014,475499,67873,8949,605,503,3
403,art,1709,7/20/2018,855040,32388,2505,788,504,6
408,humor,3143,10/31/2017,635843,51314,3684,858,505,1
789,humor,1306,12/22/2017,903601,47245,1271,27,506,2
879,dancing,1609,3/27/2017,269267,37456,8758,289,507,5
992,dancing,1657,4/15/2020,645544,37300,3698,200,508,1
119,learning,1369,8/18/2017,727049,63990,9757,815,509,2
506,adverts,2883,10/20/2016,671348,80540,8868,893,510,6
432,learning,2780,7/4/2022,998489,95579,3258,82,511,1
170,humor,3598,11/10/2016,548164,85183,4778,802,512,1
807,adverts,21,2/19/2014,401985,57996,5401,29,513,7
117,humor,3516,3/10/2014,876352,5774,7169,292,514,6
246,learning,1301,8/2/2020,123390,45229,4628,582,515,5
727,adverts,2289,8/31/2018,982737,43702,4298,574,516,7
975,adverts,3034,11/2/2011,88519,17600,4375,956,517,4
658,cooking,1477,3/10/2021,699318,35675,9244,540,518,1
303,humor,1144,1/10/2010,628321,4221,4236,168,519,6
145,cooking,483,3/26/2014,183511,66121,4605,6,520,7
424,humor,3127,6/12/2014,416135,1638,815,285,521,7
943,humor,744,3/17/2022,302867,68205,5066,608,522,7
497,art,3599,11/7/2014,606312,69406,7343,60,523,2
534,humor,1867,9/21/2010,455490,51092,8497,737,524,5
718,art,737,12/25/2012,476227,10440,1691,944,525,4
741,humor,3000,11/17/2018,662740,88512,7911,604,526,3
800,dancing,1260,5/22/2017,218706,41011,3822,367,527,1
880,dancing,2101,4/23/2012,465740,94789,7079,384,528,5
174,dancing,1979,5/2/2011,851221,68704,6935,826,529,3
544,cooking,3332,8/18/2014,404309,19406,64,747,530,5
637,dancing,1948,11/1/2014,667664,90529,7374,753,531,3
745,art,2674,11/1/2012,745325,801,6137,994,532,3
931,adverts,1841,1/2/2016,359940,27760,3212,879,533,4
650,cooking,1490,1/6/2020,651019,33945,5138,591,534,2
276,humor,929,3/21/2011,937395,8070,8528,837,535,4
684,humor,1531,4/4/2021,918385,17628,1149,316,536,5
378,learning,3109,1/14/2012,572028,30873,6391,490,537,3
24,adverts,2598,2/21/2013,529856,84830,217,837,538,2
876,cooking,1040,11/19/2016,229005,75769,2939,751,539,4
754,humor,2085,12/30/2016,587039,45659,9169,114,540,6
865,adverts,3347,8/14/2018,204396,2175,6622,30,541,2
538,humor,2075,1/21/2016,292797,75206,4520,819,542,6
694,adverts,1847,10/21/2016,162078,44833,6456,164,543,7
146,learning,3588,4/4/2021,233796,69247,6526,459,544,1
565,humor,253,4/5/2014,36770,3509,1936,241,545,7
440,dancing,72,5/27/2022,950025,53989,1233,15,546,3
917,learning,500,2/19/2020,140742,76956,7193,722,547,7
33,cooking,2737,12/31/2016,265751,63336,3736,579,548,7
761,cooking,1374,1/12/2022,887982,59893,9301,459,549,6
292,learning,681,12/22/2022,522729,37485,9875,327,550,3
981,humor,2398,11/20/2010,468563,92502,513,60,551,4
198,humor,2211,3/22/2013,224291,26899,2102,984,552,5
900,cooking,2040,6/3/2011,543769,77374,4361,20,553,2
227,humor,1242,2/19/2015,698572,45176,1346,309,554,2
919,cooking,17,2/21/2020,555940,69770,5127,547,555,4
45,fashion,2662,9/23/2020,901324,44360,3624,716,556,6
438,fashion,952,9/17/2013,817064,96040,4391,385,557,7
608,cooking,2086,5/9/2014,394539,4248,3488,875,558,7
771,dancing,2551,5/9/2015,128807,54956,1003,64,559,4
656,dancing,953,9/20/2012,368504,20792,2181,599,560,3
408,art,1116,6/5/2020,110260,10968,2343,818,561,2
560,dancing,851,2/14/2018,366170,37411,7354,716,562,3
90,adverts,1942,12/11/2014,71,34042,9471,49,563,5
984,art,1678,7/19/2010,991906,37857,6326,762,564,6
363,cooking,3373,8/27/2018,64856,89604,2104,196,565,1
565,dancing,1502,7/12/2019,330920,70172,1796,933,566,4
674,humor,1449,5/27/2019,245997,26156,5186,240,567,7
815,adverts,2207,8/28/2019,872238,93791,4688,72,568,7
480,adverts,2574,11/6/2017,768262,61151,6025,530,569,6
676,adverts,2765,7/3/2011,131859,71818,1895,915,570,1
684,fashion,2716,4/14/2017,539513,29009,8176,163,571,5
330,adverts,2672,1/29/2010,704319,39285,7354,45,572,3
947,cooking,1926,5/24/2022,434844,41840,5302,333,573,7
25,art,2991,6/20/2022,273313,9112,879,197,574,2
640,dancing,3124,1/26/2020,410957,4085,9072,762,575,4
885,humor,3591,2/18/2013,372681,13984,3896,548,576,3
198,art,239,10/4/2011,543508,65376,4609,953,577,6
225,humor,952,12/17/2012,179688,20611,9681,874,578,5
51,adverts,2041,1/27/2019,62188,88956,6742,692,579,4
638,art,2445,8/2/2022,397193,22502,6291,506,580,1
25,humor,242,8/19/2010,450499,86124,1815,224,581,1
491,fashion,2587,4/26/2021,645432,96041,7034,120,582,1
657,dancing,2759,9/28/2012,436428,3575,5905,462,583,2
274,adverts,3153,2/6/2019,148312,26290,464,377,584,6
898,fashion,3328,4/13/2020,587048,7321,2761,652,585,2
828,cooking,3100,2/10/2014,528133,88244,3281,84,586,4
141,art,3585,4/7/2013,513207,76728,5768,732,587,4
990,dancing,611,1/9/2014,394191,96129,2824,779,588,3
853,fashion,163,12/2/2021,870055,28144,9232,951,589,1
683,cooking,3077,6/4/2022,524879,16326,5362,959,590,5
837,cooking,2249,2/8/2012,574514,54912,1135,245,591,7
374,art,2536,4/10/2022,435174,30558,2211,249,592,3
804,fashion,3467,2/13/2012,937560,77647,9033,847,593,5
587,adverts,1060,10/18/2012,947317,72292,4296,498,594,7
54,cooking,2265,8/19/2016,231658,35956,4456,9,595,1
779,cooking,1310,5/1/2013,381619,35141,9172,282,596,5
896,fashion,2617,2/3/2018,598495,1099,6199,196,597,2
224,humor,2382,5/23/2014,166413,62204,743,999,598,6
465,humor,483,12/14/2017,103440,42347,6660,496,599,1
606,cooking,389,3/28/2019,102307,67973,2899,164,600,7
579,art,41,6/15/2012,269709,59171,8247,715,601,1
202,adverts,3208,1/28/2012,130778,46965,1056,725,602,1
331,adverts,3093,5/7/2022,101099,89876,2473,105,603,6
313,art,2279,4/4/2011,497752,95237,4373,923,604,1
249,learning,723,3/30/2018,813670,31166,9940,960,605,7
692,cooking,658,1/4/2019,863904,96779,8794,926,606,1
689,humor,766,8/31/2019,56512,75492,4656,76,607,3
584,cooking,3009,6/12/2021,830884,96228,5398,832,608,6
276,learning,11,7/27/2020,399599,56442,2569,893,609,7
261,cooking,2555,11/6/2020,490357,15926,1048,729,610,1
298,learning,2052,9/6/2021,958689,34061,4770,586,611,3
243,fashion,3529,10/3/2012,92494,34619,2731,316,612,4
765,learning,1332,5/12/2012,320291,25964,3631,476,613,6
226,fashion,443,9/2/2011,159670,65198,8305,145,614,1
536,art,3013,2/13/2020,833910,87999,3711,190,615,6
116,dancing,931,6/1/2012,990220,80402,2728,408,616,1
120,learning,45,7/24/2016,773438,95391,448,871,617,7
115,humor,1937,3/18/2013,296586,72794,8916,372,618,3
243,learning,261,10/19/2012,451831,87908,3135,166,619,1
714,adverts,2270,12/31/2015,664080,90774,3212,707,620,2
708,adverts,2650,10/14/2011,914016,90405,1165,161,621,4
979,adverts,2937,7/18/2020,995006,77171,417,430,622,5
83,adverts,3026,3/22/2010,584364,22568,2757,577,623,4
493,art,2180,8/12/2012,946335,82232,7818,624,624,3
379,cooking,3043,2/28/2013,418672,42981,6315,101,625,7
170,cooking,2070,6/30/2022,784763,57312,3753,156,626,4
465,learning,107,11/26/2021,235003,43459,182,235,627,4
290,art,3112,7/13/2014,411172,68188,3072,521,628,2
574,learning,1284,9/26/2011,810811,26646,8168,407,629,5
133,cooking,2326,1/11/2020,815868,68352,9785,226,630,7
872,learning,480,12/7/2020,682784,68903,2204,418,631,6
867,art,357,11/7/2014,280596,34707,5568,517,632,6
174,cooking,529,3/24/2020,636944,12374,6352,491,633,1
119,adverts,2705,10/27/2014,248620,69157,8141,425,634,3
979,cooking,1882,8/14/2014,160987,72307,7555,865,635,2
120,fashion,1694,6/21/2020,327169,65943,1968,28,636,2
370,humor,1208,4/1/2020,700275,70116,535,238,637,7
733,humor,2044,12/9/2010,721290,37878,6755,375,638,2
87,dancing,1608,11/5/2018,475942,78038,3114,804,639,2
78,humor,790,10/11/2016,938820,18128,6137,481,640,2
29,learning,1323,5/5/2014,392429,97294,3279,332,641,1
418,humor,1878,7/2/2022,419473,81865,1064,695,642,3
723,adverts,3125,3/29/2017,106554,13301,3987,655,643,5
744,fashion,947,10/2/2021,981304,60142,4922,989,644,7
487,dancing,3262,7/8/2016,815045,16545,2897,829,645,4
714,dancing,3327,8/8/2021,74357,62207,4917,330,646,1
249,humor,3033,2/22/2011,58183,96429,181,847,647,1
411,dancing,2833,10/26/2010,876276,50029,163,123,648,5
858,adverts,519,11/25/2016,29646,71847,7022,294,649,5
173,dancing,3313,6/16/2022,803018,94676,3611,601,650,1
819,cooking,118,9/20/2019,91576,69450,7920,984,651,7
909,fashion,2689,1/1/2010,144131,62982,2717,99,652,5
850,adverts,1887,8/22/2014,376613,78716,2253,921,653,3
627,dancing,694,9/24/2018,939442,97748,9539,847,654,2
797,art,1671,5/17/2021,71853,48690,7209,93,655,5
432,humor,1294,10/17/2010,784553,5578,7447,518,656,3
698,adverts,2411,10/12/2014,788701,86770,2984,924,657,5
660,dancing,213,10/29/2017,721406,72427,4314,166,658,4
437,learning,1757,8/14/2022,552685,95234,2199,332,659,3
59,fashion,693,1/30/2012,571835,31644,3112,5,660,6
334,art,2676,1/17/2015,151066,22051,1266,271,661,5
243,humor,1513,4/15/2015,418028,37954,3880,466,662,5
695,adverts,2051,6/25/2021,316412,22007,9654,699,663,2
842,dancing,2058,2/14/2021,786705,27715,6437,653,664,7
629,learning,575,1/13/2021,319084,96505,1508,938,665,6
325,fashion,1538,10/12/2012,993612,48057,6987,468,666,6
186,adverts,1888,6/5/2020,298999,91248,3355,815,667,1
430,art,1425,2/9/2016,581256,80992,2589,405,668,7
236,fashion,738,7/20/2016,633729,12359,3412,220,669,4
934,humor,3268,12/25/2011,568382,31471,5491,159,670,3
684,learning,36,10/19/2019,374592,40105,940,759,671,7
103,humor,1204,11/20/2022,240476,5300,1788,239,672,4
266,fashion,1204,2/18/2014,372209,55148,4174,530,673,3
492,cooking,1212,10/2/2017,287162,4705,4869,158,674,1
331,dancing,1105,10/26/2017,983359,33119,5005,438,675,2
666,art,3085,3/2/2015,525302,33318,5503,945,676,7
387,art,3276,4/21/2010,134378,69854,852,675,677,5
194,humor,875,3/11/2014,762031,73989,4435,377,678,5
710,adverts,3546,10/8/2011,333641,42144,6912,659,679,7
324,art,2499,1/12/2012,345705,41768,5766,734,680,7
779,adverts,1742,3/2/2016,750785,74984,6393,330,681,7
809,adverts,1150,11/27/2016,432805,50680,2984,445,682,7
174,learning,1863,9/9/2018,158945,9450,7839,63,683,2
674,learning,2530,4/1/2021,582425,34426,7193,867,684,4
232,humor,740,3/6/2022,485800,43308,8038,227,685,2
940,dancing,537,10/7/2021,781023,1430,6440,835,686,4
710,cooking,1157,8/26/2020,167014,23217,6199,909,687,1
267,cooking,3546,3/30/2020,1573,4444,6527,10,688,5
934,cooking,2659,5/19/2013,518574,76604,6036,98,689,2
314,adverts,2615,10/28/2020,627388,92288,7026,85,690,4
59,adverts,3229,9/29/2011,894950,92089,6117,701,691,7
563,learning,284,2/14/2021,429685,35893,7935,671,692,4
497,adverts,2761,10/16/2015,664473,38552,2380,409,693,3
606,humor,3397,11/21/2013,124512,24956,4962,904,694,7
350,learning,2793,2/16/2020,407164,59029,5218,126,695,1
43,adverts,2184,1/6/2012,906117,91353,2686,701,696,5
74,fashion,458,5/15/2019,249189,69425,1609,145,697,7
350,adverts,1837,1/4/2011,766318,67992,7917,411,698,3
611,humor,461,1/11/2014,384420,95769,2767,514,699,3
116,dancing,3043,2/16/2015,879170,8063,1860,693,700,3
300,adverts,2882,6/4/2014,720707,14747,4019,119,701,1
975,dancing,2400,7/24/2022,266591,89058,850,168,702,5
494,learning,1419,8/25/2017,191228,54878,6544,458,703,6
816,learning,2937,5/9/2012,342501,13145,7427,887,704,1
98,fashion,3204,11/26/2012,129358,79741,4367,123,705,7
307,learning,3156,6/30/2016,538536,15963,7172,895,706,6
509,dancing,2039,4/6/2021,456283,6838,7651,439,707,6
196,learning,1574,11/29/2010,84121,91820,8700,665,708,5
878,cooking,192,9/30/2015,940979,24949,2309,586,709,2
792,art,3237,12/28/2015,622944,85982,1362,663,710,3
971,humor,2538,11/13/2014,314777,39427,9919,337,711,4
59,art,1729,12/15/2016,657547,29061,1089,918,712,3
815,humor,3346,11/30/2019,392757,24321,9979,336,713,3
958,fashion,2739,2/27/2021,961080,68641,3584,10,714,7
654,adverts,1144,8/31/2016,421150,81791,7267,545,715,2
600,art,3316,11/16/2020,824039,49949,2736,409,716,6
966,cooking,3484,5/12/2017,541405,57958,3262,974,717,1
355,fashion,3157,10/31/2018,608621,87741,1664,534,718,3
28,dancing,195,10/13/2011,56058,35258,6993,749,719,7
179,art,2772,6/1/2018,71587,30653,6954,293,720,4
815,adverts,2199,4/3/2020,773083,54119,5201,1,721,4
291,fashion,314,8/9/2020,131833,96583,476,700,722,4
402,dancing,671,1/15/2020,662948,26064,5001,145,723,3
184,learning,332,4/2/2021,814843,45995,2394,987,724,7
793,art,1362,3/2/2013,761415,67072,7529,713,725,5
752,cooking,3586,4/1/2019,2681,68708,5333,817,726,6
943,dancing,1276,10/13/2017,305417,89638,1519,433,727,4
8,learning,2734,1/10/2020,685567,50853,685,374,728,2
627,humor,3101,7/22/2013,164548,26202,8523,94,729,1
901,learning,769,8/22/2022,190711,51032,689,238,730,2
201,learning,5,7/19/2019,16634,85412,7174,722,731,7
950,art,2953,3/31/2010,780948,40093,675,844,732,3
661,learning,3006,12/5/2016,659150,41582,345,354,733,7
431,dancing,3354,6/21/2013,644950,87867,9094,477,734,7
155,cooking,646,6/5/2016,872601,20097,1448,683,735,5
857,art,838,4/28/2021,515448,46521,4670,226,736,7
905,dancing,3222,12/17/2018,743581,71162,9231,721,737,4
795,cooking,70,1/20/2010,370043,7506,8174,222,738,7
987,dancing,110,2/15/2021,499899,42586,8102,477,739,2
300,fashion,1903,11/28/2022,347595,55544,9048,369,740,5
311,learning,3064,3/27/2015,762446,10080,9420,5,741,1
707,humor,398,3/21/2015,9700,3729,7669,109,742,5
337,art,278,1/10/2011,202187,53930,1219,523,743,3
303,art,780,2/25/2019,649731,45511,886,202,744,4
246,adverts,2516,8/3/2013,99183,2530,58,147,745,1
964,cooking,2838,5/11/2018,332639,75004,1985,194,746,1
932,humor,1905,7/7/2020,532983,87469,4772,288,747,4
638,dancing,2116,7/17/2020,502554,60493,6466,8,748,3
860,dancing,1867,10/29/2015,136933,39764,2740,566,749,6
376,humor,30,8/9/2015,269263,29147,128,443,750,7
474,art,1605,6/21/2013,984923,13993,9868,796,751,7
792,art,1572,8/17/2021,90731,820,7263,407,752,6
840,learning,1538,1/23/2010,100076,61844,4457,20,753,2
17,humor,1253,11/6/2016,980443,96606,3027,311,754,7
324,art,2944,5/6/2014,330743,97919,2440,625,755,3
225,fashion,1238,4/11/2010,739554,92683,5399,995,756,5
403,humor,1284,12/16/2021,908133,65556,7146,309,757,5
753,humor,1046,5/4/2022,944954,24846,132,457,758,3
71,fashion,2014,2/16/2016,785828,21621,3226,223,759,3
561,art,858,11/29/2014,25696,2584,9393,92,760,7
587,dancing,2872,8/21/2020,223393,12647,9166,291,761,4
378,dancing,1204,12/7/2011,942669,79500,1789,122,762,2
472,learning,37,12/31/2014,533400,83361,2115,832,763,4
864,fashion,645,5/11/2011,121675,26422,788,173,764,1
148,adverts,2643,6/25/2014,583962,24211,5499,422,765,4
239,humor,2515,5/5/2016,442971,91134,6293,333,766,5
778,fashion,724,7/19/2016,834556,1607,7653,255,767,2
639,cooking,461,10/21/2014,654604,51936,6425,54,768,6
490,humor,1426,4/26/2011,338548,50340,1871,798,769,7
113,adverts,884,3/14/2013,304178,74295,3672,481,770,6
266,fashion,1859,5/23/2022,959240,7512,4628,707,771,2
567,art,95,3/18/2010,358356,3159,9011,983,772,3
346,cooking,609,6/14/2013,464535,2192,426,400,773,4
722,fashion,2383,10/2/2018,480717,73911,5361,319,774,2
150,art,3113,6/28/2014,797714,17096,8221,559,775,2
505,humor,3358,12/9/2017,968194,69913,7721,186,776,7
218,dancing,2939,12/9/2015,675147,5177,997,717,777,1
51,cooking,2479,8/22/2019,341345,99509,280,266,778,1
111,art,209,12/15/2011,549607,76884,2621,345,779,2
924,fashion,1196,12/30/2010,841231,82436,5598,522,780,6
524,adverts,341,10/29/2020,256561,96049,1199,365,781,7
21,fashion,1417,11/15/2017,270755,51548,9016,161,782,5
365,dancing,1307,10/17/2017,200523,80409,3621,730,783,4
786,learning,1685,12/23/2020,46549,11128,1922,354,784,2
226,adverts,2037,3/3/2011,385801,55841,1853,816,785,7
343,cooking,1612,8/26/2022,299577,6546,4201,89,786,4
268,humor,409,8/23/2015,139114,82822,31,288,787,1
243,learning,2118,10/2/2020,91033,51967,8624,927,788,4
851,art,3033,11/3/2011,278790,95789,5975,849,789,1
272,cooking,1482,6/7/2011,167561,58263,8982,757,790,6
822,learning,2772,5/4/2012,205073,84122,7755,660,791,6
451,dancing,2444,11/27/2022,289906,54425,6835,123,792,3
984,learning,372,12/4/2017,36708,12989,2026,65,793,2
139,dancing,1246,6/22/2017,560864,49183,4302,140,794,1
994,humor,365,9/21/2022,38440,45608,4028,591,795,4
810,cooking,139,6/27/2017,673248,94562,9000,602,796,5
605,learning,1994,6/29/2014,753403,98851,5127,400,797,4
333,adverts,892,11/20/2022,831077,5645,3858,389,798,2
370,fashion,3383,3/24/2016,29472,2957,4506,759,799,6
238,learning,1239,9/2/2011,504679,95759,5613,742,800,6
216,fashion,1978,9/6/2011,18021,76095,748,961,801,5
971,adverts,3371,9/15/2019,680680,94506,8581,124,802,2
546,adverts,997,4/27/2014,654666,78129,391,612,803,2
117,adverts,556,12/15/2016,231524,52128,5372,329,804,3
453,cooking,1813,7/17/2013,206354,38930,4471,455,805,2
10,adverts,1183,6/4/2011,47784,63554,2586,310,806,3
271,art,601,2/15/2017,918773,19166,8174,931,807,4
546,humor,2100,4/20/2019,664062,75309,7089,62,808,4
95,fashion,952,11/27/2015,747314,28129,4891,372,809,2
517,art,2752,12/26/2013,103965,45782,5369,909,810,3
712,art,489,2/5/2018,528704,73856,774,793,811,4
881,cooking,79,4/25/2015,448647,20253,3234,713,812,4
31,humor,1619,4/29/2016,968796,6649,4041,9,813,5
534,fashion,1518,4/23/2021,379354,11278,1074,54,814,7
266,adverts,2269,5/12/2018,645200,1760,6792,100,815,7
839,adverts,223,4/30/2011,372466,87744,8936,846,816,7
573,humor,2962,2/23/2010,828761,51527,5012,120,817,7
802,humor,491,2/25/2018,493206,91448,6487,958,818,5
817,fashion,2088,2/29/2016,347282,5274,4569,23,819,3
115,learning,3444,6/13/2022,180727,73473,1992,944,820,4
821,cooking,293,1/10/2021,837925,95752,388,738,821,1
784,learning,3086,7/20/2019,493490,55387,5440,887,822,5
429,fashion,258,1/29/2014,157073,16027,738,139,823,4
635,cooking,642,12/19/2014,159663,4691,7050,193,824,4
620,dancing,2573,9/2/2010,595829,95120,436,973,825,7
837,learning,2094,3/22/2012,598906,8005,9586,976,826,6
20,humor,2326,9/5/2013,378998,1254,9646,150,827,1
612,adverts,2992,10/21/2014,714254,51556,3371,973,828,6
812,humor,1284,4/29/2017,863564,59413,7882,441,829,3
6,humor,362,10/9/2014,942085,27223,2965,921,830,1
488,dancing,3418,3/3/2017,635964,74085,7344,220,831,2
664,learning,951,2/3/2011,873612,8017,5426,14,832,2
183,learning,2914,4/11/2016,682298,85112,2777,264,833,1
984,learning,311,10/16/2013,556799,70665,5626,693,834,2
868,adverts,458,11/21/2016,394308,71083,153,702,835,3
598,humor,105,10/15/2014,944698,51716,8585,991,836,3
724,dancing,3376,12/20/2019,937603,161,9827,148,837,7
196,dancing,2985,10/22/2010,41000,34744,1301,15,838,7
575,humor,1238,3/17/2021,792200,683,6535,562,839,5
547,humor,1032,12/14/2012,92744,38108,6700,110,840,1
234,art,3537,5/10/2016,720153,75767,2800,462,841,3
680,fashion,2437,11/2/2018,949454,72082,9938,23,842,4
644,learning,994,3/5/2020,369792,57314,4351,469,843,4
689,learning,510,4/29/2016,292508,80279,5886,955,844,3
274,dancing,2707,9/26/2015,979090,96943,2136,595,845,2
928,dancing,1360,7/24/2018,374876,43910,5838,285,846,2
250,dancing,1221,10/9/2013,463166,78387,527,326,847,6
82,fashion,557,7/29/2013,821665,84490,3448,196,848,5
16,cooking,2952,11/27/2015,244923,27040,2212,955,849,6
466,cooking,1664,2/15/2019,736813,72829,3834,662,850,5
186,humor,2249,4/19/2020,866193,68675,2902,819,851,5
733,cooking,3175,12/15/2017,949360,31274,5284,210,852,4
742,dancing,1233,9/17/2012,317196,13908,6869,723,853,6
483,fashion,3283,4/20/2010,521070,86851,6118,687,854,7
271,learning,70,10/1/2020,316471,33432,5965,208,855,3
960,fashion,2150,5/10/2015,624930,29848,8059,966,856,4
975,dancing,2820,8/29/2017,299508,34354,5504,648,857,3
662,dancing,3169,4/4/2012,455384,70857,3338,570,858,7
60,dancing,1487,7/19/2020,129845,77663,744,769,859,2
581,dancing,449,9/3/2016,78864,63072,147,609,860,1
108,fashion,3530,9/28/2015,10137,91079,5695,802,861,6
186,adverts,3092,9/21/2017,682201,84302,6813,896,862,5
502,adverts,1523,8/4/2015,241740,85577,5060,74,863,6
634,adverts,47,5/26/2012,223505,40698,9881,477,864,4
74,learning,3500,8/13/2014,667799,31526,5111,451,865,2
917,dancing,1202,8/6/2015,289714,48933,6893,779,866,7
916,adverts,2679,5/8/2020,459460,751,7733,812,867,4
624,fashion,3359,2/8/2019,591191,23374,881,787,868,3
668,learning,1758,2/16/2021,22694,75114,4674,676,869,6
298,learning,1808,12/28/2015,848084,33013,3658,756,870,6
80,dancing,2435,3/8/2012,116485,24760,6770,44,871,6
613,adverts,3421,12/4/2021,270824,28341,2895,509,872,6
282,fashion,1500,12/27/2011,634566,37529,5849,769,873,5
683,humor,1779,7/29/2016,373046,82029,1650,721,874,4
756,art,2978,10/19/2013,471770,23421,1653,695,875,5
620,art,1776,1/17/2019,685438,67409,7758,372,876,1
77,learning,2491,12/7/2010,873221,53485,2125,579,877,5
930,fashion,277,7/26/2012,504558,66729,6089,399,878,1
185,dancing,203,5/30/2012,651723,48975,1194,692,879,6
619,humor,1057,10/27/2011,360417,63220,3774,617,880,6
448,art,315,6/28/2016,861077,30209,9550,571,881,3
929,fashion,2182,7/23/2021,483725,26051,1597,358,882,7
882,art,2347,6/29/2015,230865,73215,1748,764,883,5
743,cooking,1862,11/12/2010,468276,93193,6838,2,884,7
5,dancing,96,1/7/2020,651161,15345,4784,62,885,7
517,fashion,3350,2/13/2011,392037,25993,8125,677,886,7
502,learning,2710,7/18/2018,526402,60971,4590,924,887,6
407,humor,1727,7/14/2014,230706,8037,8928,457,888,5
530,adverts,705,1/8/2020,442555,15823,3999,841,889,1
723,adverts,2808,4/6/2011,236698,34795,9924,91,890,4
396,learning,112,1/17/2018,346954,41145,4796,110,891,3
613,cooking,986,1/19/2013,980038,59373,1537,102,892,3
918,cooking,2380,2/9/2022,24464,56469,3712,121,893,3
952,adverts,2844,12/16/2013,587655,33903,8171,284,894,7
788,learning,2808,7/7/2018,620886,23981,7788,419,895,3
775,learning,2447,5/25/2016,418982,76164,9396,906,896,3
971,learning,2568,5/28/2018,124699,674,6761,632,897,4
633,humor,1440,12/1/2019,529046,43340,1569,656,898,5
755,learning,2436,3/10/2014,550704,78001,8323,480,899,7
510,humor,1454,10/18/2015,35784,39918,7417,446,900,1
817,learning,1687,2/19/2011,119209,20445,2003,74,901,4
241,adverts,3116,6/30/2012,749227,81019,1298,869,902,3
368,fashion,3473,4/11/2018,742188,398,2078,66,903,5
654,dancing,233,6/26/2019,136528,62220,1652,440,904,7
60,humor,782,12/7/2010,199515,86258,1938,601,905,7
422,art,1021,5/1/2011,755309,54930,5235,428,906,5
863,dancing,790,2/10/2011,420310,28528,1437,279,907,3
622,learning,498,3/9/2016,812031,84865,2011,670,908,4
311,cooking,3247,9/29/2018,399927,60865,7,180,909,3
44,humor,3379,12/13/2019,126663,75761,8932,597,910,3
245,fashion,2067,11/10/2014,389739,71029,8078,72,911,6
188,cooking,2097,10/1/2016,396535,45470,9213,900,912,3
37,adverts,2854,7/27/2019,488387,69979,503,441,913,4
223,fashion,1384,12/24/2011,862136,92152,1104,190,914,6
770,art,1878,12/15/2018,940183,29434,8129,701,915,2
739,art,3584,2/21/2012,995521,36151,1233,790,916,7
294,cooking,352,9/10/2017,676062,75621,4389,985,917,2
225,dancing,753,6/12/2019,170396,89569,9217,733,918,5
365,humor,1885,10/28/2015,683080,1296,6475,446,919,6
228,cooking,3588,11/18/2019,351055,76968,341,290,920,7
565,learning,1595,7/17/2011,695965,97325,2417,938,921,1
959,humor,572,2/3/2018,378194,41864,9753,847,922,7
730,cooking,1845,12/28/2013,820095,79092,7495,605,923,6
740,humor,720,5/14/2015,671205,49582,4672,859,924,5
410,humor,3258,3/19/2021,641787,52336,3639,848,925,7
841,fashion,2303,4/14/2021,541317,6646,8225,415,926,1
969,art,229,7/13/2016,223582,39454,6596,95,927,6
846,humor,2031,7/27/2015,74578,63863,7587,218,928,6
871,adverts,2511,10/7/2010,448318,8550,5023,382,929,1
152,art,1159,6/9/2019,550285,39684,8879,671,930,6
856,art,1829,8/17/2013,182985,12534,2667,249,931,5
868,humor,3373,11/25/2014,813452,35692,7838,671,932,3
560,learning,3274,5/29/2019,150757,8515,8537,994,933,2
26,humor,1701,11/3/2014,927516,66250,3679,716,934,1
167,humor,3017,1/6/2015,347496,25196,3171,892,935,1
828,dancing,260,2/24/2017,64543,52333,8885,621,936,4
624,humor,249,3/13/2016,894413,78976,8624,663,937,1
582,dancing,2101,6/21/2016,228256,52374,5672,731,938,2
292,humor,3461,9/22/2011,68476,28895,7635,257,939,4
658,fashion,3586,1/28/2021,394502,6702,424,148,940,4
99,cooking,2241,7/18/2014,297757,81642,2790,425,941,7
197,dancing,1517,1/23/2021,414498,82188,8,316,942,7
846,fashion,269,7/30/2016,721676,93632,2350,963,943,3
380,cooking,1557,8/16/2021,112129,39561,1908,398,944,5
828,fashion,2040,4/6/2020,203851,55842,143,241,945,6
285,fashion,204,10/1/2017,113023,9825,4112,92,946,7
649,art,1496,9/17/2020,399090,69001,7639,827,947,5
715,humor,1986,3/2/2012,266796,85261,2310,626,948,1
92,art,2075,11/27/2010,580290,2460,2348,911,949,4
928,art,2874,6/8/2018,81137,19628,8093,838,950,3
810,learning,3239,3/3/2018,97032,63108,8894,768,951,5
730,cooking,446,9/11/2013,269395,17215,5958,51,952,5
545,dancing,1508,7/1/2014,436376,42255,3286,190,953,5
380,dancing,1133,7/10/2016,53089,82938,579,88,954,2
499,art,3218,3/12/2018,617220,31498,1838,702,955,4
603,art,489,10/31/2015,878841,36405,5287,18,956,1
165,humor,375,9/11/2018,790213,83791,3809,197,957,7
934,fashion,177,9/3/2021,718391,72942,1009,129,958,4
920,learning,448,8/12/2019,337615,36766,3621,630,959,7
299,adverts,2401,10/29/2022,684505,3488,2206,516,960,7
441,art,1790,5/10/2020,541717,18598,167,540,961,1
253,learning,2979,6/11/2020,571985,79726,7563,249,962,2
902,learning,3460,3/1/2016,990547,24525,5971,160,963,1
755,humor,2639,11/24/2011,928608,41556,2042,573,964,6
633,dancing,1718,9/28/2022,63920,93711,4957,113,965,7
380,adverts,1134,7/6/2015,42501,12168,2253,346,966,2
62,art,1872,8/23/2010,513336,82703,8378,205,967,7
668,humor,3234,5/31/2018,413049,95553,6438,660,968,7
165,fashion,2295,3/24/2012,829953,43890,5092,826,969,7
239,adverts,2725,1/17/2015,540294,16293,1579,663,970,2
691,cooking,2227,8/21/2021,41543,35586,9525,790,971,2
584,cooking,3250,9/8/2012,874393,65124,3284,635,972,1
337,adverts,1224,7/24/2020,303844,42600,9681,340,973,4
229,humor,2058,1/6/2013,724973,82062,4826,559,974,2
913,art,1880,1/19/2017,49811,35107,6114,361,975,4
359,cooking,3079,10/20/2019,242367,8657,647,158,976,7
662,cooking,1910,5/28/2021,9169,93569,8607,155,977,2
54,learning,2284,1/19/2014,271382,41448,1859,942,978,6
940,dancing,1329,8/1/2016,229712,30031,5707,959,979,2
847,fashion,1929,10/21/2014,601388,86267,4792,294,980,3
770,fashion,1073,4/1/2010,878377,43133,6555,740,981,3
970,adverts,3173,7/19/2013,274033,33955,838,210,982,5
51,art,1274,6/26/2013,257152,91380,4954,891,983,3
838,learning,1715,8/20/2015,626828,19635,9270,90,984,7
456,adverts,3178,2/13/2012,601790,14305,3240,186,985,7
736,art,1254,11/24/2011,180614,81210,958,39,986,1
803,dancing,1568,11/26/2011,440,52027,6165,785,987,3
250,humor,1786,7/8/2021,318640,63141,619,575,988,1
675,dancing,1401,6/13/2022,741449,86026,4145,858,989,6
555,dancing,450,5/8/2011,787376,91317,1959,995,990,6
71,humor,1634,3/7/2013,96563,6371,1664,143,991,1
338,humor,2805,2/9/2016,900963,81471,4363,2,992,5
467,learning,2895,2/5/2018,15819,76532,3347,462,993,1
887,fashion,1516,7/20/2011,229076,66771,7320,700,994,3
810,fashion,3063,11/23/2021,788480,76210,5827,154,995,3
109,learning,2645,4/17/2015,26846,22365,4127,573,996,5
607,adverts,1639,6/7/2017,412555,62824,588,802,997,7
282,adverts,2277,9/24/2012,994997,10514,3717,796,998,3
157,learning,1816,12/5/2019,181884,22782,1147,692,999,5
683,learning,2635,12/26/2017,475880,54882,3637,548,1000,3
